"","id","mail","name","date"
"1",1,"mersadie@gmail.com","Abria",2020-07-15
"2",2,"valo@gmail.com","Darlane",2020-07-15
"3",3,"ansil@gmail.com","Malekia",2020-06-15
"4",4,"nichaela@gmail.com","Zamarria",2020-06-15
"5",5,"dorthia@gmail.com","Axell",2019-12-15
"6",6,"chumy@gmail.com","Simmon",2020-11-15
"7",7,"sharrona@hotmail.com","Cholena",2020-11-15
"8",8,"charmel@hotmail.com","Rakan",2020-06-15
"9",9,"koreena@hotmail.com","Zachaeus",2019-12-15
"10",10,"chella@hotmail.com","Naheed",2020-03-15
"11",11,"anniqua@hotmail.com","Keyuntae",2020-03-15
"12",12,"amylyn@hotmail.com","Kayton",2020-06-15
"13",13,"darlyne@hotmail.com","Windee",2020-09-15
"14",14,"nazayah@gmail.com","Dominus",2020-04-15
"15",15,"meshilem@hotmail.com","Xochiquetzal",2020-04-15
"16",16,"angenetta@hotmail.com","Guilio",2020-02-15
"17",17,"hiilani@hotmail.com","Jache",2020-07-15
"18",18,"aurel@gmail.com","Ezmariah",2020-02-15
"19",19,"austinjohn@hotmail.com","Anglo",2020-06-15
"20",20,"udell@gmail.com","Keystle",2020-04-15
"21",21,"ayela@gmail.com","Jermonica",2020-04-15
"22",22,"yara@hotmail.com","Chat",2020-02-15
"23",23,"timea@gmail.com","Noahgabriel",2020-06-15
"24",24,"janaja@hotmail.com","Jolyon",2020-11-15
"25",25,"tica@gmail.com","Rolen",2020-06-15
"26",26,"nyteria@hotmail.com","Seriniti",2020-06-15
"27",27,"shatema@hotmail.com","Jermari",2020-09-15
"28",28,"byrd@gmail.com","Noelis",2020-11-15
"29",29,"dejanelle@hotmail.com","Corelle",2020-01-15
"30",30,"lynde@hotmail.com","Liesel",2020-03-15
"31",31,"tevye@gmail.com","Britnye",2020-07-15
"32",32,"deericka@hotmail.com","Rikisha",2020-07-15
"33",33,"yolinda@hotmail.com","Elihu",2020-01-15
"34",34,"irvan@gmail.com","Ayanna",2020-01-15
"35",35,"onyedikachi@gmail.com","Tyshawn",2020-08-15
"36",36,"alaxandra@hotmail.com","Jeren",2020-03-15
"37",37,"enyssa@hotmail.com","Quirino",2020-04-15
"38",38,"aelyn@hotmail.com","Breahanna",2020-04-15
"39",39,"analiyah@gmail.com","Machenzie",2020-08-15
"40",40,"jaterrious@gmail.com","Devanie",2020-11-15
"41",41,"zanyria@hotmail.com","Sbeidy",2020-03-15
"42",42,"evvy@hotmail.com","Moniya",2020-03-15
"43",43,"delandre@hotmail.com","Srivaishnavi",2020-03-15
"44",44,"sumeet@hotmail.com","Gearlene",2020-08-15
"45",45,"aleida@gmail.com","Cristhofer",2020-05-15
"46",46,"averymarie@hotmail.com","Delilahrose",2020-11-15
"47",47,"denetta@hotmail.com","Joliyah",2020-05-15
"48",48,"constande@gmail.com","Guinda",2020-03-15
"49",49,"kadari@gmail.com","Sefton",2020-06-15
"50",50,"jezebel@gmail.com","Arlisha",2020-01-15
"51",51,"britta@gmail.com","Gayane",2020-02-15
"52",52,"lubby@gmail.com","Lashonda",2019-12-15
"53",53,"mykah@hotmail.com","Jahque",2020-07-15
"54",54,"elye@hotmail.com","Jatyler",2020-07-15
"55",55,"clementine@hotmail.com","Arrick",2020-11-15
"56",56,"kieanna@hotmail.com","Corando",2020-11-15
"57",57,"sicilia@gmail.com","Imar",2020-05-15
"58",58,"dayris@hotmail.com","Eesha",2020-10-15
"59",59,"aalicia@hotmail.com","Tahir",2020-04-15
"60",60,"dioselin@gmail.com","Suella",2020-08-15
"61",61,"matthey@hotmail.com","Taylah",2020-06-15
"62",62,"sharil@hotmail.com","Jihyun",2020-11-15
"63",63,"darlis@hotmail.com","Jaretta",2020-10-15
"64",64,"marther@hotmail.com","Yeruchem",2020-09-15
"65",65,"jameris@gmail.com","Ralinda",2020-04-15
"66",66,"kimiyo@hotmail.com","Crislynn",2020-02-15
"67",67,"jalonni@hotmail.com","Saikou",2020-06-15
"68",68,"jamonta@hotmail.com","Benhur",2020-05-15
"69",69,"ephrem@gmail.com","Colleene",2020-05-15
"70",70,"yale@hotmail.com","Janiha",2020-03-15
"71",71,"kartez@gmail.com","Kara",2020-04-15
"72",72,"dameian@hotmail.com","Jeneffer",2020-06-15
"73",73,"miyisha@hotmail.com","Uzella",2019-12-15
"74",74,"ahmonie@gmail.com","Issah",2019-12-15
"75",75,"demarqus@gmail.com","Deriel",2019-12-15
"76",76,"hiede@hotmail.com","Tykenya",2020-09-15
"77",77,"leionna@gmail.com","Reeya",2019-12-15
"78",78,"aliaya@gmail.com","Cleofas",2020-09-15
"79",79,"turkesha@hotmail.com","Sharain",2020-03-15
"80",80,"conrada@gmail.com","Kynnadee",2020-01-15
"81",81,"dujon@gmail.com","Dartanyon",2020-02-15
"82",82,"sherlanda@gmail.com","Ernetta",2020-06-15
"83",83,"jeannie@hotmail.com","Damariya",2020-05-15
"84",84,"harshan@hotmail.com","Myriam",2020-07-15
"85",85,"treyshon@hotmail.com","Hannahelizabeth",2020-04-15
"86",86,"western@gmail.com","Neomia",2020-07-15
"87",87,"kadesia@hotmail.com","Sharde",2020-07-15
"88",88,"gomez@hotmail.com","Samer",2020-11-15
"89",89,"ananshi@hotmail.com","Samanthan",2019-12-15
"90",90,"layvonne@gmail.com","Malahki",2020-09-15
"91",91,"medrick@hotmail.com","Makylee",2020-04-15
"92",92,"hersch@hotmail.com","Rakhia",2020-11-15
"93",93,"cordeja@hotmail.com","Kaena",2020-06-15
"94",94,"marquisha@gmail.com","Phalla",2020-10-15
"95",95,"phyllys@hotmail.com","Keyle",2020-10-15
"96",96,"aesa@gmail.com","Alish",2020-02-15
"97",97,"erie@hotmail.com","Monterius",2020-11-15
"98",98,"ineze@gmail.com","Kimia",2020-11-15
"99",99,"dezyre@gmail.com","Omero",2020-02-15
"100",100,"mahendra@hotmail.com","Niccolas",2019-12-15
"101",101,"minhtri@hotmail.com","Johnai",2020-01-15
"102",102,"jaydiel@hotmail.com","Trinady",2020-04-15
"103",103,"ario@gmail.com","Daytin",2020-05-15
"104",104,"abdulwadud@gmail.com","Lehna",2020-11-15
"105",105,"kazzandra@gmail.com","Ruella",2020-02-15
"106",106,"lawan@gmail.com","Janda",2020-11-15
"107",107,"naveyah@gmail.com","Jaquette",2020-07-15
"108",108,"anglea@gmail.com","Hydea",2020-03-15
"109",109,"edwarda@gmail.com","Omaury",2020-11-15
"110",110,"mavi@gmail.com","Cosmas",2020-11-15
"111",111,"aleighana@gmail.com","Tiesha",2020-10-15
"112",112,"kanette@hotmail.com","Lajla",2019-12-15
"113",113,"alyciah@gmail.com","Rosanell",2020-09-15
"114",114,"adamo@gmail.com","Baelie",2020-05-15
"115",115,"dvid@gmail.com","Candece",2020-02-15
"116",116,"brendin@hotmail.com","Jaquavion",2020-11-15
"117",117,"burgess@gmail.com","Paal",2019-12-15
"118",118,"tinleigh@gmail.com","Rommy",2020-09-15
"119",119,"kahdijah@gmail.com","Darnaja",2019-12-15
"120",120,"von@gmail.com","Mikela",2020-03-15
"121",121,"alainnah@gmail.com","Olivet",2020-02-15
"122",122,"morrisa@hotmail.com","Camerone",2020-02-15
"123",123,"ameriana@gmail.com","Andras",2020-01-15
"124",124,"florien@hotmail.com","Kasch",2020-05-15
"125",125,"jaquai@hotmail.com","Jakeil",2020-09-15
"126",126,"madysen@hotmail.com","Meraris",2020-08-15
"127",127,"ishika@gmail.com","Jordeyn",2020-07-15
"128",128,"shymeka@hotmail.com","Javiere",2020-04-15
"129",129,"isair@hotmail.com","Carleshia",2020-09-15
"130",130,"maraiya@gmail.com","Sundae",2020-08-15
"131",131,"ranon@hotmail.com","Reily",2020-08-15
"132",132,"tanyetta@hotmail.com","Hamaad",2020-11-15
"133",133,"lataysia@hotmail.com","Joselito",2020-08-15
"134",134,"yelenis@gmail.com","Tabata",2020-10-15
"135",135,"dairo@gmail.com","Allanna",2020-03-15
"136",136,"keaura@hotmail.com","Brytni",2020-03-15
"137",137,"chizitelu@hotmail.com","Harbor",2020-03-15
"138",138,"keeya@hotmail.com","Aaryan",2020-11-15
"139",139,"shamil@hotmail.com","Angelrose",2020-06-15
"140",140,"annaluiza@hotmail.com","Jurell",2020-04-15
"141",141,"kingg@gmail.com","Fiori",2020-06-15
"142",142,"hayli@gmail.com","Helmi",2020-08-15
"143",143,"jamiroquai@gmail.com","Ranita",2020-01-15
"144",144,"crixus@gmail.com","Krisily",2020-08-15
"145",145,"matvei@gmail.com","Nonie",2019-12-15
"146",146,"kaylisa@gmail.com","Emrey",2020-10-15
"147",147,"madisonrose@gmail.com","Bernard",2020-02-15
"148",148,"mailany@hotmail.com","Yle",2020-11-15
"149",149,"mareta@gmail.com","Maimoona",2020-10-15
"150",150,"tamerra@hotmail.com","Verbie",2019-12-15
"151",151,"chonte@gmail.com","Joacim",2020-02-15
"152",152,"cicily@gmail.com","Shahida",2020-01-15
"153",153,"kynidee@hotmail.com","Malonni",2020-03-15
"154",154,"trana@hotmail.com","Brinlee",2020-02-15
"155",155,"joniesha@gmail.com","Smithie",2020-10-15
"156",156,"khoa@gmail.com","Vidella",2020-04-15
"157",157,"hind@hotmail.com","Mayka",2020-02-15
"158",158,"rashadd@hotmail.com","Pranati",2020-05-15
"159",159,"mane@hotmail.com","Makayla",2020-06-15
"160",160,"antrese@gmail.com","Hodge",2020-07-15
"161",161,"anke@hotmail.com","Adylan",2020-03-15
"162",162,"jerena@hotmail.com","Caricia",2020-07-15
"163",163,"zackari@gmail.com","Billye",2020-10-15
"164",164,"tekyra@hotmail.com","Yuka",2020-10-15
"165",165,"haeden@gmail.com","Leise",2020-03-15
"166",166,"tien@gmail.com","Ijeoma",2020-03-15
"167",167,"elexi@gmail.com","Nilajah",2020-04-15
"168",168,"senai@hotmail.com","Blakeleigh",2020-03-15
"169",169,"latroyia@hotmail.com","Draevyn",2020-02-15
"170",170,"sabriye@hotmail.com","Leosvel",2020-01-15
"171",171,"imojean@hotmail.com","Dashanda",2020-03-15
"172",172,"raaed@gmail.com","Kendia",2020-11-15
"173",173,"lewayne@gmail.com","Abigailrose",2020-09-15
"174",174,"quartney@hotmail.com","Leim",2020-10-15
"175",175,"jamaar@hotmail.com","Yousif",2020-02-15
"176",176,"ranson@hotmail.com","Karlyee",2020-11-15
"177",177,"brianamarie@gmail.com","Ezikiel",2020-09-15
"178",178,"blanton@hotmail.com","Kiarri",2020-11-15
"179",179,"doninic@gmail.com","Alleen",2020-03-15
"180",180,"zayna@hotmail.com","Ohagi",2020-01-15
"181",181,"jerriyah@gmail.com","Luvonne",2020-01-15
"182",182,"julisha@gmail.com","Jakyre",2020-09-15
"183",183,"keah@hotmail.com","Svetlana",2020-11-15
"184",184,"perna@gmail.com","Sona",2020-10-15
"185",185,"liany@gmail.com","Roque",2020-03-15
"186",186,"katleyn@hotmail.com","Shanann",2020-09-15
"187",187,"takira@gmail.com","Trease",2020-03-15
"188",188,"raz@gmail.com","Janille",2020-11-15
"189",189,"mabelle@gmail.com","Shaqueal",2020-11-15
"190",190,"anissia@hotmail.com","Aadhi",2020-11-15
"191",191,"jnay@hotmail.com","Thadine",2020-07-15
"192",192,"wuendi@hotmail.com","Shacquille",2020-10-15
"193",193,"moriah@hotmail.com","Jullia",2020-04-15
"194",194,"talayah@gmail.com","Aldona",2020-01-15
"195",195,"norabelle@gmail.com","Emmette",2020-03-15
"196",196,"toretto@hotmail.com","Laquitha",2020-09-15
"197",197,"lexcie@hotmail.com","Kerstin",2020-11-15
"198",198,"abyade@gmail.com","Kawailani",2020-08-15
"199",199,"loreli@gmail.com","Khamilah",2020-11-15
"200",200,"blain@hotmail.com","Cecilla",2020-09-15
"201",201,"caira@hotmail.com","Saraih",2020-06-15
"202",202,"geoggrey@hotmail.com","Somaya",2020-03-15
"203",203,"downey@hotmail.com","Jadda",2020-06-15
"204",204,"ahlanna@gmail.com","Sal",2020-10-15
"205",205,"mirandy@gmail.com","Rune",2020-08-15
"206",206,"nazeer@hotmail.com","Marquas",2020-08-15
"207",207,"bonnielee@hotmail.com","Verjean",2020-06-15
"208",208,"musse@gmail.com","Ileia",2020-05-15
"209",209,"reynell@hotmail.com","Jenevy",2020-11-15
"210",210,"deirra@hotmail.com","Rialey",2020-10-15
"211",211,"rickye@hotmail.com","Davinee",2020-04-15
"212",212,"tiauna@gmail.com","Iolana",2020-09-15
"213",213,"delorse@gmail.com","Michol",2019-12-15
"214",214,"chaille@gmail.com","Tradarrius",2020-03-15
"215",215,"nickolie@gmail.com","Issel",2020-06-15
"216",216,"tirik@hotmail.com","Sylvanna",2020-10-15
"217",217,"dennison@gmail.com","Airica",2020-01-15
"218",218,"jhenifer@gmail.com","Micelle",2020-09-15
"219",219,"rahmi@hotmail.com","Kendarius",2019-12-15
"220",220,"luan@hotmail.com","Tanairy",2020-05-15
"221",221,"keyan@gmail.com","Masako",2020-07-15
"222",222,"nyona@hotmail.com","Marquitia",2019-12-15
"223",223,"gurleen@hotmail.com","Audin",2020-02-15
"224",224,"meleta@gmail.com","Jahnyah",2020-03-15
"225",225,"faithe@gmail.com","Cecelie",2019-12-15
"226",226,"majesti@hotmail.com","Kanetra",2020-08-15
"227",227,"nathale@hotmail.com","Lara",2020-03-15
"228",228,"jmarie@hotmail.com","Rontez",2020-11-15
"229",229,"earline@hotmail.com","Lillien",2020-10-15
"230",230,"eleany@gmail.com","Ralphy",2020-09-15
"231",231,"kendrich@hotmail.com","Dontell",2020-01-15
"232",232,"rivkah@hotmail.com","Mishti",2019-12-15
"233",233,"mandalynn@hotmail.com","Jerett",2020-06-15
"234",234,"jeziah@hotmail.com","Jeylon",2019-12-15
"235",235,"christyanna@gmail.com","Insha",2020-08-15
"236",236,"carrin@hotmail.com","Nytisha",2020-11-15
"237",237,"deeksha@hotmail.com","Latica",2020-11-15
"238",238,"salinger@hotmail.com","Tayjon",2020-06-15
"239",239,"ryssa@gmail.com","Braedyn",2020-11-15
"240",240,"isabellia@hotmail.com","Sota",2020-01-15
"241",241,"nazareth@gmail.com","Evra",2020-10-15
"242",242,"aneyda@gmail.com","Katerria",2020-11-15
"243",243,"loudes@gmail.com","Dahl",2020-07-15
"244",244,"daysha@hotmail.com","Jaequan",2020-03-15
"245",245,"meriwether@gmail.com","Reginald",2020-08-15
"246",246,"lashai@gmail.com","Falana",2020-03-15
"247",247,"devell@hotmail.com","Toan",2019-12-15
"248",248,"vividiana@gmail.com","Escarlet",2020-01-15
"249",249,"bryella@hotmail.com","Wanye",2020-07-15
"250",250,"lillybeth@gmail.com","Maceson",2020-03-15
"251",251,"dalea@gmail.com","Infiniti",2020-08-15
"252",252,"chalres@hotmail.com","Driyah",2020-10-15
"253",253,"annaliisa@hotmail.com","Argonne",2020-07-15
"254",254,"hearl@hotmail.com","Kerline",2020-07-15
"255",255,"miyah@gmail.com","Leoria",2020-02-15
"256",256,"pepper@hotmail.com","Odie",2019-12-15
"257",257,"legend@gmail.com","Mariadejesus",2020-03-15
"258",258,"deepti@gmail.com","Gabie",2020-06-15
"259",259,"marleyna@hotmail.com","Ishmam",2020-05-15
"260",260,"marlyssa@hotmail.com","Ardythe",2020-10-15
"261",261,"kaiylee@hotmail.com","Jerik",2020-10-15
"262",262,"kenshin@hotmail.com","Dassie",2020-08-15
"263",263,"mykeal@gmail.com","Karega",2020-03-15
"264",264,"xavia@gmail.com","Jashante",2020-04-15
"265",265,"nathasia@gmail.com","Garris",2020-04-15
"266",266,"nowa@gmail.com","Delea",2020-08-15
"267",267,"zahiyah@gmail.com","Ahlai",2020-07-15
"268",268,"alliyah@hotmail.com","Deayra",2020-03-15
"269",269,"epimenia@gmail.com","Believe",2020-05-15
"270",270,"denerio@gmail.com","Letah",2020-09-15
"271",271,"lanijah@hotmail.com","Juwan",2020-02-15
"272",272,"mckaylie@gmail.com","Perfecto",2020-10-15
"273",273,"charia@hotmail.com","Zeal",2020-10-15
"274",274,"sait@hotmail.com","Loveless",2019-12-15
"275",275,"yohan@gmail.com","Sadelle",2020-04-15
"276",276,"luzia@hotmail.com","Scarlettrose",2020-07-15
"277",277,"mikaila@hotmail.com","Shadasia",2020-03-15
"278",278,"dewight@hotmail.com","Shaleese",2020-10-15
"279",279,"shakitta@gmail.com","Minola",2020-05-15
"280",280,"aubyn@hotmail.com","Nili",2019-12-15
"281",281,"natina@gmail.com","Leavy",2020-06-15
"282",282,"erendira@hotmail.com","Tomy",2020-06-15
"283",283,"aniza@hotmail.com","Cambreigh",2020-02-15
"284",284,"ghenet@hotmail.com","Amis",2020-10-15
"285",285,"lanesha@gmail.com","Karenna",2019-12-15
"286",286,"saleen@gmail.com","Lemmie",2020-09-15
"287",287,"verlan@gmail.com","Andreia",2020-05-15
"288",288,"erwan@gmail.com","Porchia",2020-08-15
"289",289,"liyu@hotmail.com","Tifanie",2020-04-15
"290",290,"marcelo@gmail.com","Tarl",2020-01-15
"291",291,"ahnya@gmail.com","Alysen",2020-09-15
"292",292,"keandria@hotmail.com","Manard",2019-12-15
"293",293,"damarieon@gmail.com","Catena",2020-05-15
"294",294,"gwili@gmail.com","Keiundra",2020-08-15
"295",295,"saraanne@hotmail.com","Schandra",2020-01-15
"296",296,"taneya@hotmail.com","Yachica",2020-06-15
"297",297,"tejah@hotmail.com","Hartzel",2020-11-15
"298",298,"reannah@gmail.com","Derriana",2020-08-15
"299",299,"jamarlon@gmail.com","Shanyse",2020-01-15
"300",300,"kileigh@hotmail.com","Keyjuan",2020-07-15
"301",301,"evlynn@hotmail.com","Adyen",2020-09-15
"302",302,"amanii@gmail.com","Rathana",2020-01-15
"303",303,"waldemar@hotmail.com","Amilah",2020-11-15
"304",304,"jedrek@hotmail.com","Liyla",2020-06-15
"305",305,"margarite@gmail.com","Alzata",2020-04-15
"306",306,"hailie@gmail.com","Trenica",2020-10-15
"307",307,"dierk@hotmail.com","Yva",2020-03-15
"308",308,"antonasia@hotmail.com","Cidni",2019-12-15
"309",309,"aubriee@gmail.com","Fendi",2019-12-15
"310",310,"ivah@hotmail.com","Negeen",2020-04-15
"311",311,"xymena@hotmail.com","Virgle",2020-04-15
"312",312,"callisto@hotmail.com","Destinyrose",2020-09-15
"313",313,"nylia@hotmail.com","Mikaylia",2020-11-15
"314",314,"breyonia@hotmail.com","Sharaven",2020-06-15
"315",315,"torron@gmail.com","Evonnie",2020-11-15
"316",316,"pammela@hotmail.com","Yalani",2020-11-15
"317",317,"brandonlee@hotmail.com","Solaya",2020-09-15
"318",318,"lafon@gmail.com","Kordelia",2020-10-15
"319",319,"nakaylee@gmail.com","Janaiyah",2020-03-15
"320",320,"davien@hotmail.com","Cassara",2020-02-15
"321",321,"arunas@hotmail.com","Jalanie",2019-12-15
"322",322,"cadynce@gmail.com","Cristianna",2020-10-15
"323",323,"deante@gmail.com","Haasini",2020-03-15
"324",324,"marites@gmail.com","Tzirel",2020-02-15
"325",325,"matthijs@gmail.com","Lantanya",2020-08-15
"326",326,"dakin@gmail.com","Hilla",2020-11-15
"327",327,"adellynn@hotmail.com","Thonda",2019-12-15
"328",328,"vindetta@hotmail.com","Olyn",2019-12-15
"329",329,"aramie@hotmail.com","Turney",2020-06-15
"330",330,"catana@hotmail.com","Yari",2019-12-15
"331",331,"ireal@gmail.com","Tasheema",2020-08-15
"332",332,"kinnidi@hotmail.com","Cirildo",2020-04-15
"333",333,"solangie@gmail.com","Nivaeh",2020-02-15
"334",334,"helyne@hotmail.com","Sherle",2020-05-15
"335",335,"anarie@hotmail.com","Cherea",2020-02-15
"336",336,"kedarrius@gmail.com","Macarius",2020-01-15
"337",337,"maayan@hotmail.com","Sherrin",2020-07-15
"338",338,"clotis@gmail.com","Florencia",2020-03-15
"339",339,"natachia@hotmail.com","Mariadelourdes",2020-08-15
"340",340,"sanantha@hotmail.com","Patria",2020-11-15
"341",341,"somara@hotmail.com","Dominquie",2020-05-15
"342",342,"sanyla@hotmail.com","Wilburne",2019-12-15
"343",343,"leahgrace@gmail.com","Maz",2020-09-15
"344",344,"donnell@hotmail.com","Karder",2020-09-15
"345",345,"ahmed@hotmail.com","Julienn",2020-08-15
"346",346,"kaylaann@gmail.com","Shykeria",2020-07-15
"347",347,"loismae@gmail.com","Debby",2020-04-15
"348",348,"amvi@hotmail.com","Macon",2020-11-15
"349",349,"janes@hotmail.com","Iylah",2020-04-15
"350",350,"latece@hotmail.com","Mikiya",2020-10-15
"351",351,"tyja@gmail.com","Zaaron",2020-03-15
"352",352,"amarious@hotmail.com","Adalyne",2020-06-15
"353",353,"marquala@hotmail.com","Bevin",2020-09-15
"354",354,"jonna@hotmail.com","Treesa",2020-03-15
"355",355,"articia@hotmail.com","Jovar",2020-07-15
"356",356,"zendaya@gmail.com","Orvill",2020-08-15
"357",357,"brytany@gmail.com","Surina",2020-11-15
"358",358,"henrique@gmail.com","Emyr",2020-08-15
"359",359,"charemon@gmail.com","Tyquon",2020-10-15
"360",360,"enyia@gmail.com","Walace",2020-01-15
"361",361,"estill@gmail.com","Jakoda",2020-10-15
"362",362,"ira@hotmail.com","Jil",2020-08-15
"363",363,"alexcia@hotmail.com","Gwendolyn",2020-03-15
"364",364,"shalana@hotmail.com","Erlyne",2020-10-15
"365",365,"rhayna@gmail.com","Hanoch",2020-04-15
"366",366,"juleanna@gmail.com","Takeo",2019-12-15
"367",367,"breen@hotmail.com","Williaw",2020-02-15
"368",368,"amareion@gmail.com","Amadita",2020-01-15
"369",369,"santoya@hotmail.com","Ryane",2020-07-15
"370",370,"arryanna@hotmail.com","Kawaun",2019-12-15
"371",371,"martisa@gmail.com","Lealer",2020-09-15
"372",372,"natsuko@hotmail.com","Lekendrick",2020-11-15
"373",373,"tyrine@gmail.com","Oluseun",2020-03-15
"374",374,"mattigan@hotmail.com","Kamishia",2020-10-15
"375",375,"rebeka@gmail.com","Yohsuke",2020-03-15
"376",376,"alarick@gmail.com","Vontese",2020-10-15
"377",377,"ilyass@gmail.com","Urielle",2020-03-15
"378",378,"axyl@gmail.com","Raesha",2020-02-15
"379",379,"jeanenne@hotmail.com","Ashlen",2020-04-15
"380",380,"oberia@gmail.com","Songa",2020-02-15
"381",381,"mutsuo@hotmail.com","Atlanta",2020-10-15
"382",382,"matilynn@gmail.com","Devario",2020-06-15
"383",383,"lillith@hotmail.com","Keyana",2020-03-15
"384",384,"habon@gmail.com","Bishara",2020-06-15
"385",385,"lassana@gmail.com","Jahzlynn",2020-09-15
"386",386,"denaisha@gmail.com","Tadarius",2020-04-15
"387",387,"myangel@hotmail.com","Daicy",2020-08-15
"388",388,"corine@gmail.com","Lauree",2020-05-15
"389",389,"nahlia@gmail.com","Michaeljames",2020-01-15
"390",390,"jaquill@gmail.com","Heyli",2020-05-15
"391",391,"klayten@gmail.com","Abeera",2020-10-15
"392",392,"demetrianna@gmail.com","Rakaya",2020-02-15
"393",393,"halston@gmail.com","Jeniqua",2020-01-15
"394",394,"keertana@hotmail.com","Elisandro",2020-04-15
"395",395,"rachelleanne@gmail.com","Arina",2020-11-15
"396",396,"signora@gmail.com","Hellon",2020-05-15
"397",397,"trais@gmail.com","Roscoe",2020-07-15
"398",398,"hernando@gmail.com","Sarem",2020-02-15
"399",399,"lucchese@gmail.com","Carianna",2020-07-15
"400",400,"dlorah@hotmail.com","Valene",2020-01-15
"401",401,"nitisha@hotmail.com","Maisey",2020-04-15
"402",402,"yosvani@gmail.com","Beyah",2019-12-15
"403",403,"aeiden@hotmail.com","Keltyn",2020-02-15
"404",404,"clairabelle@hotmail.com","Markiyah",2020-07-15
"405",405,"bernadetta@gmail.com","Rahniyah",2020-07-15
"406",406,"dezeree@hotmail.com","Ashiya",2019-12-15
"407",407,"amiley@gmail.com","Adal",2020-11-15
"408",408,"allexys@gmail.com","Dawndria",2020-11-15
"409",409,"kausha@gmail.com","Andri",2020-02-15
"410",410,"kratos@hotmail.com","Costa",2020-11-15
"411",411,"alyannah@hotmail.com","Kelvan",2020-02-15
"412",412,"janos@hotmail.com","Blaid",2020-02-15
"413",413,"shareese@gmail.com","Braedin",2020-06-15
"414",414,"gwyndolyn@gmail.com","Vergal",2020-03-15
"415",415,"laiklyn@hotmail.com","Zurii",2020-01-15
"416",416,"medora@gmail.com","Kimery",2020-09-15
"417",417,"amoni@gmail.com","Naiym",2019-12-15
"418",418,"mathan@gmail.com","Chelsae",2020-01-15
"419",419,"telishia@hotmail.com","Blong",2020-11-15
"420",420,"militza@gmail.com","Krissandra",2020-04-15
"421",421,"chabelli@hotmail.com","Noach",2020-09-15
"422",422,"gillespie@hotmail.com","Lavontae",2020-07-15
"423",423,"lawsyn@hotmail.com","Iana",2020-04-15
"424",424,"lamarria@hotmail.com","Ronan",2020-07-15
"425",425,"trelana@hotmail.com","Darquisha",2020-07-15
"426",426,"yuneicy@gmail.com","Dilon",2020-10-15
"427",427,"horst@hotmail.com","Cariyah",2020-11-15
"428",428,"jaen@hotmail.com","Richmond",2019-12-15
"429",429,"vernelle@gmail.com","Lakila",2020-06-15
"430",430,"keiffer@gmail.com","Jhoel",2020-06-15
"431",431,"sharlan@hotmail.com","Benedetto",2020-04-15
"432",432,"sidne@hotmail.com","Leketa",2020-09-15
"433",433,"jannuel@gmail.com","Ahtyana",2020-05-15
"434",434,"mistydawn@hotmail.com","Sadiki",2020-07-15
"435",435,"shaimaa@gmail.com","Takeru",2020-09-15
"436",436,"nerik@hotmail.com","Doulgas",2020-06-15
"437",437,"tommisha@gmail.com","Collyn",2020-06-15
"438",438,"krystall@gmail.com","Irvyn",2020-04-15
"439",439,"waynetta@gmail.com","Zayaan",2020-05-15
"440",440,"jerric@gmail.com","Irelyn",2020-04-15
"441",441,"whitleigh@hotmail.com","Mone",2020-08-15
"442",442,"vinona@gmail.com","Uthman",2020-03-15
"443",443,"cavion@gmail.com","Quinnten",2020-08-15
"444",444,"karalina@hotmail.com","Tifanni",2020-04-15
"445",445,"vacie@gmail.com","Donene",2020-08-15
"446",446,"kelana@hotmail.com","Arreana",2020-01-15
"447",447,"dajonae@hotmail.com","Brownell",2020-11-15
"448",448,"yeabsira@gmail.com","Armand",2020-10-15
"449",449,"armani@gmail.com","Heida",2020-01-15
"450",450,"muneerah@hotmail.com","Hernando",2020-10-15
"451",451,"chiebuka@gmail.com","Jeris",2020-09-15
"452",452,"tifanni@hotmail.com","Pollie",2020-11-15
"453",453,"cristal@gmail.com","Venture",2019-12-15
"454",454,"michalea@gmail.com","Analeesa",2020-09-15
"455",455,"branco@hotmail.com","Marijke",2020-02-15
"456",456,"venessia@gmail.com","Lemaya",2020-02-15
"457",457,"minne@hotmail.com","Jaimari",2019-12-15
"458",458,"smrithi@hotmail.com","Wiktor",2020-03-15
"459",459,"sampath@hotmail.com","Chiam",2020-01-15
"460",460,"sharale@gmail.com","Nazya",2020-04-15
"461",461,"dayl@hotmail.com","Jhaniah",2020-06-15
"462",462,"ishara@gmail.com","Arla",2020-02-15
"463",463,"casyn@gmail.com","Gianmichael",2020-08-15
"464",464,"dazia@gmail.com","Omiyah",2020-11-15
"465",465,"jezabelle@gmail.com","Murdie",2020-06-15
"466",466,"yaseen@hotmail.com","Chanoa",2020-04-15
"467",467,"tyrann@gmail.com","Haneef",2020-04-15
"468",468,"shawnmichael@hotmail.com","Tishawn",2020-08-15
"469",469,"ashlii@hotmail.com","Sarvesh",2020-03-15
"470",470,"kyelee@gmail.com","Sajad",2020-11-15
"471",471,"terra@hotmail.com","Elric",2020-02-15
"472",472,"cortney@hotmail.com","Bwana",2020-11-15
"473",473,"rope@gmail.com","Verble",2020-11-15
"474",474,"tong@gmail.com","Shaquay",2020-02-15
"475",475,"reginal@gmail.com","Teika",2020-07-15
"476",476,"caezar@gmail.com","Cooledge",2020-04-15
"477",477,"akala@hotmail.com","Verdonna",2020-06-15
"478",478,"johnah@gmail.com","Birgitte",2019-12-15
"479",479,"dusitn@hotmail.com","Enan",2020-10-15
"480",480,"alishaba@hotmail.com","Shaquetta",2020-06-15
"481",481,"varenya@hotmail.com","Aude",2020-09-15
"482",482,"nahiomy@gmail.com","Hughy",2020-08-15
"483",483,"ally@hotmail.com","Tolliver",2020-11-15
"484",484,"cena@gmail.com","Seyram",2020-06-15
"485",485,"larenzo@gmail.com","Myrdis",2020-09-15
"486",486,"dyala@hotmail.com","Sherby",2020-02-15
"487",487,"sabeeh@hotmail.com","Jenele",2020-06-15
"488",488,"grier@hotmail.com","Tykiria",2020-03-15
"489",489,"lashonia@gmail.com","Joeziah",2020-07-15
"490",490,"jarrica@gmail.com","Melodia",2020-06-15
"491",491,"graceann@gmail.com","Filemon",2020-09-15
"492",492,"jakory@hotmail.com","Aly",2020-05-15
"493",493,"asmitha@gmail.com","Debany",2020-06-15
"494",494,"zeik@hotmail.com","Jaqualin",2020-09-15
"495",495,"arlein@hotmail.com","Emilien",2020-06-15
"496",496,"janon@hotmail.com","Marizela",2020-09-15
"497",497,"carren@hotmail.com","Konner",2020-04-15
"498",498,"jesstine@hotmail.com","Prayash",2020-08-15
"499",499,"charron@gmail.com","Tynetta",2020-06-15
"500",500,"abubacar@gmail.com","Earnice",2020-10-15
"501",501,"deseret@gmail.com","Azyah",2020-11-15
"502",502,"maragaret@hotmail.com","Secoya",2020-05-15
"503",503,"janyne@gmail.com","Meylani",2020-11-15
"504",504,"jmauri@gmail.com","Timohy",2020-07-15
"505",505,"aeryana@gmail.com","Maricka",2020-05-15
"506",506,"antha@gmail.com","Ladeidra",2020-06-15
"507",507,"georgenna@gmail.com","Churchill",2020-06-15
"508",508,"abryella@hotmail.com","Mailee",2020-05-15
"509",509,"uraina@gmail.com","Vyanna",2020-09-15
"510",510,"thomass@gmail.com","Sumanth",2020-09-15
"511",511,"kariona@gmail.com","Aelish",2020-08-15
"512",512,"laylynn@hotmail.com","Braylin",2020-10-15
"513",513,"damyla@gmail.com","Carlyssia",2020-08-15
"514",514,"dannisha@gmail.com","Dermarr",2020-08-15
"515",515,"sharia@gmail.com","Anijia",2019-12-15
"516",516,"dinamarie@hotmail.com","Doray",2020-06-15
"517",517,"orita@hotmail.com","Normalee",2020-10-15
"518",518,"jessicanicole@hotmail.com","Paishence",2020-08-15
"519",519,"amar@gmail.com","Sadye",2020-05-15
"520",520,"estrella@gmail.com","Zlaty",2020-01-15
"521",521,"nikishia@gmail.com","Kywanna",2020-01-15
"522",522,"caralynn@gmail.com","Anabele",2020-11-15
"523",523,"chimaobi@hotmail.com","Kydan",2020-11-15
"524",524,"takeyah@hotmail.com","Jaella",2020-01-15
"525",525,"kassia@gmail.com","Talaijah",2020-06-15
"526",526,"franciszka@hotmail.com","Darnika",2020-02-15
"527",527,"kanyatta@gmail.com","Afraz",2020-08-15
"528",528,"daequan@gmail.com","Manases",2020-11-15
"529",529,"isen@hotmail.com","Trellis",2020-01-15
"530",530,"nahlani@hotmail.com","Torah",2020-08-15
"531",531,"alexandira@gmail.com","Jenefer",2020-11-15
"532",532,"enylah@hotmail.com","Henrika",2020-11-15
"533",533,"rixon@hotmail.com","Divyam",2019-12-15
"534",534,"waitus@gmail.com","Chrisie",2020-09-15
"535",535,"marialuisa@hotmail.com","Runar",2020-03-15
"536",536,"melek@hotmail.com","Bryley",2020-11-15
"537",537,"thoralf@gmail.com","Boston",2020-05-15
"538",538,"sucely@gmail.com","Thayla",2020-07-15
"539",539,"maleny@gmail.com","Sahmya",2020-01-15
"540",540,"weldon@gmail.com","Lovelle",2020-04-15
"541",541,"umoja@hotmail.com","Axcell",2020-06-15
"542",542,"bryttnie@gmail.com","Amariea",2020-03-15
"543",543,"shavette@hotmail.com","Caryann",2020-08-15
"544",544,"betony@hotmail.com","Isam",2020-07-15
"545",545,"rith@hotmail.com","Kriz",2019-12-15
"546",546,"devahn@hotmail.com","Takya",2020-09-15
"547",547,"lajohn@hotmail.com","Marisha",2019-12-15
"548",548,"jumal@gmail.com","Cornell",2020-05-15
"549",549,"jennaya@hotmail.com","Lew",2020-07-15
"550",550,"mearl@gmail.com","Tairik",2020-04-15
"551",551,"mayuri@hotmail.com","Gwenetta",2020-07-15
"552",552,"gerhard@hotmail.com","Alajia",2020-06-15
"553",553,"ferol@gmail.com","Lexci",2020-07-15
"554",554,"maison@hotmail.com","Mathea",2020-06-15
"555",555,"adylan@hotmail.com","Lenaya",2020-03-15
"556",556,"etzio@hotmail.com","Larell",2020-04-15
"557",557,"tiy@hotmail.com","Devente",2020-06-15
"558",558,"maci@gmail.com","Julinda",2020-04-15
"559",559,"genva@gmail.com","Alila",2020-03-15
"560",560,"moraes@hotmail.com","Evangline",2020-01-15
"561",561,"labryan@hotmail.com","Galya",2020-09-15
"562",562,"shamyah@gmail.com","Zakkiyya",2020-06-15
"563",563,"tyniece@gmail.com","Leri",2020-03-15
"564",564,"sunny@hotmail.com","Kaelib",2020-06-15
"565",565,"abdoulie@hotmail.com","Apiphany",2020-07-15
"566",566,"ahmari@hotmail.com","Orel",2020-04-15
"567",567,"magenta@gmail.com","Shanmukh",2020-09-15
"568",568,"jonnae@gmail.com","Ramisa",2020-06-15
"569",569,"trayton@gmail.com","Shantrel",2020-09-15
"570",570,"kerryann@gmail.com","Cova",2020-01-15
"571",571,"barbaraa@hotmail.com","Madelynne",2019-12-15
"572",572,"arinjay@hotmail.com","Archibald",2020-10-15
"573",573,"antoneyo@gmail.com","Aziria",2019-12-15
"574",574,"iyinoluwa@gmail.com","Jeidi",2020-01-15
"575",575,"loleatha@gmail.com","Abhigna",2020-02-15
"576",576,"drewcilla@gmail.com","Emanuele",2020-03-15
"577",577,"braysen@hotmail.com","Evanny",2020-07-15
"578",578,"aini@hotmail.com","Freddia",2020-10-15
"579",579,"liav@hotmail.com","Domique",2020-04-15
"580",580,"raymi@gmail.com","Valley",2020-03-15
"581",581,"axa@hotmail.com","Ramil",2020-01-15
"582",582,"braxley@hotmail.com","Damonni",2020-09-15
"583",583,"audriona@hotmail.com","Erion",2020-06-15
"584",584,"dariel@gmail.com","Rihannah",2020-05-15
"585",585,"sumer@hotmail.com","Fizza",2019-12-15
"586",586,"aleni@hotmail.com","Aaira",2020-11-15
"587",587,"euniqua@hotmail.com","Leanora",2020-01-15
"588",588,"seiji@hotmail.com","Mercadies",2020-09-15
"589",589,"ermilo@gmail.com","Makai",2020-07-15
"590",590,"jarrad@hotmail.com","Shaquashia",2020-02-15
"591",591,"hudhayfah@gmail.com","Naylan",2020-08-15
"592",592,"saudah@hotmail.com","Lavana",2020-10-15
"593",593,"atenea@hotmail.com","Umit",2020-09-15
"594",594,"vivana@gmail.com","Cleary",2020-08-15
"595",595,"zyahna@hotmail.com","Brylon",2020-04-15
"596",596,"ethelrine@gmail.com","Rici",2020-10-15
"597",597,"joshika@gmail.com","Profit",2019-12-15
"598",598,"floydell@hotmail.com","Shuwanda",2020-02-15
"599",599,"leveon@gmail.com","Nanika",2020-04-15
"600",600,"breeyah@hotmail.com","Keelee",2019-12-15
"601",601,"mitsuru@hotmail.com","Zura",2020-10-15
"602",602,"jassar@gmail.com","Desirie",2020-10-15
"603",603,"aljoharah@hotmail.com","Aarnav",2020-11-15
"604",604,"cleston@hotmail.com","Jai",2019-12-15
"605",605,"kimmarie@gmail.com","Baiden",2020-08-15
"606",606,"daleyza@gmail.com","Akayla",2020-02-15
"607",607,"dezaraye@gmail.com","Bryne",2020-08-15
"608",608,"myrna@hotmail.com","Patriot",2020-11-15
"609",609,"zimri@hotmail.com","Lumin",2020-07-15
"610",610,"chibuikem@gmail.com","Sheeva",2020-05-15
"611",611,"sheira@hotmail.com","Kelisa",2020-04-15
"612",612,"macin@hotmail.com","Curtiss",2020-02-15
"613",613,"saryniti@hotmail.com","Ellissia",2020-02-15
"614",614,"chazman@gmail.com","Chinedu",2020-06-15
"615",615,"deneem@hotmail.com","Rolfe",2020-02-15
"616",616,"hannahlee@hotmail.com","Brookleigh",2020-09-15
"617",617,"jillann@hotmail.com","Rory",2020-02-15
"618",618,"manasa@hotmail.com","Derl",2020-05-15
"619",619,"antyon@gmail.com","Dalli",2020-04-15
"620",620,"shontelle@hotmail.com","Killion",2020-01-15
"621",621,"oladele@gmail.com","Kepler",2020-02-15
"622",622,"marthalee@gmail.com","Dorlis",2020-03-15
"623",623,"ogechi@hotmail.com","Jelysa",2020-06-15
"624",624,"narely@gmail.com","Zaharra",2020-03-15
"625",625,"taria@hotmail.com","Keshundra",2020-04-15
"626",626,"zondra@hotmail.com","Liyu",2020-07-15
"627",627,"kwanisha@gmail.com","Perlie",2020-05-15
"628",628,"shelinda@hotmail.com","Arbaaz",2020-02-15
"629",629,"anavi@hotmail.com","Linnett",2020-08-15
"630",630,"shakera@hotmail.com","Joyceann",2019-12-15
"631",631,"darriell@hotmail.com","Uarda",2020-06-15
"632",632,"yermi@gmail.com","Hollylynn",2020-05-15
"633",633,"clemente@hotmail.com","Kendell",2020-03-15
"634",634,"allien@hotmail.com","Davieon",2020-05-15
"635",635,"makeia@hotmail.com","Genice",2020-05-15
"636",636,"bridgetta@gmail.com","Buckey",2020-03-15
"637",637,"yianna@gmail.com","Quinessa",2020-03-15
"638",638,"jaeci@gmail.com","Laeh",2020-09-15
"639",639,"tannon@hotmail.com","Albertie",2020-05-15
"640",640,"jackston@gmail.com","Gemise",2020-06-15
"641",641,"khushi@hotmail.com","Baylen",2020-11-15
"642",642,"josephe@hotmail.com","Rahniya",2020-01-15
"643",643,"areisy@gmail.com","Alexxandra",2020-05-15
"644",644,"falona@hotmail.com","Jeliel",2020-05-15
"645",645,"joset@hotmail.com","Marleni",2020-07-15
"646",646,"mariaelena@hotmail.com","Gig",2020-05-15
"647",647,"zelmarie@gmail.com","Mithcell",2020-01-15
"648",648,"lynnasia@gmail.com","Jaxsen",2020-02-15
"649",649,"rimi@hotmail.com","Doralee",2020-10-15
"650",650,"liboria@hotmail.com","Marbin",2020-10-15
"651",651,"emmeric@gmail.com","Sanchez",2020-11-15
"652",652,"philbert@hotmail.com","Saryna",2020-08-15
"653",653,"delvin@hotmail.com","Astaria",2020-06-15
"654",654,"leilene@gmail.com","Adry",2020-03-15
"655",655,"karenza@hotmail.com","Masynn",2020-07-15
"656",656,"bethania@gmail.com","Caley",2020-04-15
"657",657,"delacey@gmail.com","Jinah",2020-10-15
"658",658,"yanelli@hotmail.com","Bralyn",2020-07-15
"659",659,"rickford@gmail.com","Stephanieann",2020-07-15
"660",660,"oluwatomilola@gmail.com","Devann",2020-11-15
"661",661,"kinyata@gmail.com","Xiomar",2020-09-15
"662",662,"julisa@hotmail.com","Reeyan",2020-05-15
"663",663,"ivell@hotmail.com","Clarivel",2020-09-15
"664",664,"aydden@hotmail.com","Millena",2020-05-15
"665",665,"shahera@gmail.com","Olema",2020-04-15
"666",666,"arcilia@hotmail.com","Jaheir",2020-05-15
"667",667,"becci@gmail.com","Spruha",2020-06-15
"668",668,"najaah@hotmail.com","Mikara",2020-09-15
"669",669,"winell@hotmail.com","Philo",2020-10-15
"670",670,"shakar@hotmail.com","Lureta",2019-12-15
"671",671,"nashan@gmail.com","Shaquirra",2020-10-15
"672",672,"kathleene@gmail.com","Jyssica",2020-08-15
"673",673,"zakeyah@hotmail.com","Enzlee",2020-10-15
"674",674,"shaunay@gmail.com","Tomarra",2020-07-15
"675",675,"ericia@hotmail.com","Anzel",2020-08-15
"676",676,"marjorine@hotmail.com","Dalonna",2020-01-15
"677",677,"mayonna@hotmail.com","Damonte",2020-01-15
"678",678,"khylen@gmail.com","Mima",2020-09-15
"679",679,"treyton@gmail.com","Aniya",2020-09-15
"680",680,"zana@hotmail.com","Leeloo",2020-08-15
"681",681,"jahnee@gmail.com","Nadyia",2020-01-15
"682",682,"beta@hotmail.com","Franceska",2020-06-15
"683",683,"quavon@gmail.com","Temeshia",2020-06-15
"684",684,"zareon@hotmail.com","Levorn",2020-03-15
"685",685,"deangelo@gmail.com","Eilonwy",2020-11-15
"686",686,"treva@gmail.com","Dajhon",2020-03-15
"687",687,"keyli@hotmail.com","Freyda",2020-07-15
"688",688,"jeilynn@hotmail.com","Grandville",2020-08-15
"689",689,"demedrick@gmail.com","Leneve",2020-03-15
"690",690,"eryne@gmail.com","Shaude",2020-03-15
"691",691,"zaeleigh@hotmail.com","Aneudy",2020-02-15
"692",692,"deloy@hotmail.com","Adelei",2020-10-15
"693",693,"mallory@gmail.com","Mieasha",2020-07-15
"694",694,"sayveon@hotmail.com","Jetaime",2020-09-15
"695",695,"shianna@hotmail.com","Ilsa",2020-10-15
"696",696,"jerode@hotmail.com","Dyasia",2020-05-15
"697",697,"treg@hotmail.com","Phaidra",2020-05-15
"698",698,"sheik@hotmail.com","Jaxion",2020-06-15
"699",699,"creedon@hotmail.com","Felesha",2020-02-15
"700",700,"luceal@gmail.com","Haliegh",2020-03-15
"701",701,"camreon@gmail.com","Jadan",2020-04-15
"702",702,"monreaux@hotmail.com","Jamielynn",2020-06-15
"703",703,"garen@gmail.com","Ishmael",2020-02-15
"704",704,"kyer@gmail.com","Justan",2020-06-15
"705",705,"tydashia@gmail.com","Philistine",2019-12-15
"706",706,"jinni@hotmail.com","Gaspar",2020-05-15
"707",707,"tenaja@gmail.com","Brailee",2020-10-15
"708",708,"kenzlee@hotmail.com","Makylie",2020-07-15
"709",709,"storm@gmail.com","Tawatha",2020-01-15
"710",710,"seanpaul@hotmail.com","Quamel",2020-07-15
"711",711,"zymire@hotmail.com","Kailas",2020-07-15
"712",712,"mckinzy@hotmail.com","Vernola",2020-02-15
"713",713,"iryanna@hotmail.com","Jermonte",2020-01-15
"714",714,"gailann@hotmail.com","Lanny",2020-02-15
"715",715,"tenley@gmail.com","Maclynn",2020-06-15
"716",716,"lexxy@hotmail.com","Vin",2020-02-15
"717",717,"antelmo@hotmail.com","Dicksie",2020-03-15
"718",718,"merecedes@hotmail.com","Adreian",2020-10-15
"719",719,"atira@hotmail.com","Alixia",2020-06-15
"720",720,"melony@gmail.com","Enika",2020-11-15
"721",721,"brixon@hotmail.com","Derrall",2020-10-15
"722",722,"kimverly@hotmail.com","Shing",2020-03-15
"723",723,"kemuel@hotmail.com","Talae",2020-10-15
"724",724,"quinton@hotmail.com","Jazon",2020-10-15
"725",725,"zakiyya@gmail.com","Kaylib",2020-11-15
"726",726,"adante@gmail.com","Rethia",2019-12-15
"727",727,"track@gmail.com","Jesusmanuel",2020-10-15
"728",728,"monterion@gmail.com","Faiha",2020-09-15
"729",729,"ryanmichael@hotmail.com","Rachelleann",2019-12-15
"730",730,"lisbet@gmail.com","Careena",2020-09-15
"731",731,"tanaja@hotmail.com","Asahi",2020-03-15
"732",732,"lareine@gmail.com","Keathan",2019-12-15
"733",733,"briajah@gmail.com","Jesley",2020-07-15
"734",734,"effie@gmail.com","Mayra",2020-07-15
"735",735,"aashana@gmail.com","Ritamae",2020-09-15
"736",736,"rhegan@hotmail.com","Fynleigh",2020-10-15
"737",737,"coulter@hotmail.com","Ledaniel",2020-07-15
"738",738,"khamilah@gmail.com","Alerah",2020-06-15
"739",739,"markan@gmail.com","Aazim",2020-11-15
"740",740,"danieljoseph@gmail.com","Kurston",2020-01-15
"741",741,"breandrea@gmail.com","Katreen",2020-04-15
"742",742,"laiken@gmail.com","Doriene",2020-08-15
"743",743,"carland@gmail.com","Emric",2020-05-15
"744",744,"yanill@hotmail.com","Deserie",2020-11-15
"745",745,"jelanie@hotmail.com","Zacora",2019-12-15
"746",746,"yazen@gmail.com","Sharlene",2020-03-15
"747",747,"johnnell@hotmail.com","Agnieszka",2020-03-15
"748",748,"simmie@gmail.com","Lenee",2020-02-15
"749",749,"juwairiyah@hotmail.com","Meili",2020-10-15
"750",750,"jayzin@gmail.com","Shivani",2020-02-15
"751",751,"ahaziah@hotmail.com","Syrie",2020-01-15
"752",752,"tazman@gmail.com","Santana",2019-12-15
"753",753,"latreena@gmail.com","Leniel",2020-10-15
"754",754,"dalhart@hotmail.com","Kerilyn",2019-12-15
"755",755,"damarko@hotmail.com","Shawntia",2020-04-15
"756",756,"deshia@gmail.com","Raen",2020-01-15
"757",757,"arlone@hotmail.com","Alien",2020-07-15
"758",758,"ladaynian@hotmail.com","Shatorria",2020-08-15
"759",759,"nabile@gmail.com","Gabe",2020-05-15
"760",760,"jariana@hotmail.com","Darsey",2020-10-15
"761",761,"lyrical@gmail.com","Gali",2020-09-15
"762",762,"keidyn@gmail.com","Kaiel",2020-03-15
"763",763,"darae@gmail.com","Vanyah",2020-05-15
"764",764,"marlesa@gmail.com","Michoel",2020-03-15
"765",765,"placide@gmail.com","Meraya",2019-12-15
"766",766,"tyranesha@hotmail.com","Zymia",2020-03-15
"767",767,"leddy@gmail.com","Adisynn",2020-09-15
"768",768,"janera@gmail.com","Kimblyn",2020-11-15
"769",769,"hera@hotmail.com","Ameyaa",2019-12-15
"770",770,"mirle@gmail.com","Adamarie",2020-01-15
"771",771,"saaliyah@gmail.com","Raheam",2020-07-15
"772",772,"lyall@gmail.com","Mckinzee",2020-03-15
"773",773,"cherree@hotmail.com","Kaislyn",2020-11-15
"774",774,"majer@hotmail.com","Amelinda",2020-07-15
"775",775,"floda@gmail.com","Shukura",2019-12-15
"776",776,"manasseh@hotmail.com","Sierre",2020-08-15
"777",777,"narae@gmail.com","Catia",2020-06-15
"778",778,"anahie@hotmail.com","Baylon",2020-06-15
"779",779,"edona@hotmail.com","Jill",2020-07-15
"780",780,"ailany@gmail.com","Glover",2020-10-15
"781",781,"je@hotmail.com","Marilon",2020-05-15
"782",782,"sua@hotmail.com","Tavores",2020-03-15
"783",783,"santangelo@gmail.com","Tyesa",2020-02-15
"784",784,"tressie@gmail.com","Kalon",2020-11-15
"785",785,"sheldon@hotmail.com","Sherile",2020-01-15
"786",786,"leshaundra@gmail.com","Daquez",2019-12-15
"787",787,"devang@gmail.com","Kellee",2020-02-15
"788",788,"utkarsh@hotmail.com","Melborn",2020-10-15
"789",789,"nataria@hotmail.com","Muizz",2020-03-15
"790",790,"devunte@hotmail.com","Leaya",2020-09-15
"791",791,"brynnleigh@hotmail.com","Caelia",2020-09-15
"792",792,"aldie@gmail.com","Kaveh",2020-04-15
"793",793,"traysen@hotmail.com","Kaarlo",2020-11-15
"794",794,"rotem@gmail.com","Myah",2020-10-15
"795",795,"ronniel@hotmail.com","Tamatoa",2020-02-15
"796",796,"kennen@gmail.com","Genett",2019-12-15
"797",797,"adwoa@hotmail.com","Ivia",2020-02-15
"798",798,"meir@gmail.com","Maraki",2020-08-15
"799",799,"marquasia@gmail.com","Kanessha",2019-12-15
"800",800,"svanik@gmail.com","Duanne",2020-08-15
"801",801,"keekee@hotmail.com","Leveria",2020-05-15
"802",802,"lamarr@gmail.com","Erice",2020-09-15
"803",803,"jermal@hotmail.com","Stearns",2020-06-15
"804",804,"shunteria@hotmail.com","Lindzee",2020-11-15
"805",805,"stachia@gmail.com","Nellye",2020-11-15
"806",806,"seira@gmail.com","Hripsime",2020-08-15
"807",807,"rochell@gmail.com","Lizvet",2020-05-15
"808",808,"annalee@gmail.com","Jenessy",2020-11-15
"809",809,"sunjai@hotmail.com","Dharshini",2020-04-15
"810",810,"yoruba@gmail.com","Nixin",2020-02-15
"811",811,"aniye@gmail.com","Chazten",2019-12-15
"812",812,"khayree@hotmail.com","Jaszmine",2020-06-15
"813",813,"kinder@hotmail.com","Foye",2020-06-15
"814",814,"desyre@gmail.com","Tymeir",2020-03-15
"815",815,"aleksi@hotmail.com","Ellanore",2020-02-15
"816",816,"rosalin@gmail.com","Milka",2020-09-15
"817",817,"darbey@hotmail.com","Maddoc",2020-01-15
"818",818,"jaelie@hotmail.com","Callahan",2020-05-15
"819",819,"alyssanicole@gmail.com","Khailey",2020-05-15
"820",820,"reif@gmail.com","Ailanie",2020-04-15
"821",821,"jermaria@hotmail.com","Latissa",2020-08-15
"822",822,"jadiana@gmail.com","Yenni",2019-12-15
"823",823,"corbett@hotmail.com","Chasin",2020-04-15
"824",824,"keyveon@gmail.com","Lennie",2020-07-15
"825",825,"monisa@hotmail.com","Rydder",2020-02-15
"826",826,"laurina@gmail.com","Lehana",2020-03-15
"827",827,"amandamarie@gmail.com","Bannon",2020-06-15
"828",828,"sharmine@gmail.com","Quinnshawn",2020-06-15
"829",829,"chassiti@gmail.com","Laneeka",2020-11-15
"830",830,"zyaire@gmail.com","Selena",2020-04-15
"831",831,"izaack@gmail.com","Jakalen",2020-07-15
"832",832,"nazir@gmail.com","Kolsyn",2020-06-15
"833",833,"ah@gmail.com","Amvi",2020-01-15
"834",834,"sahanna@gmail.com","Janaliz",2020-01-15
"835",835,"ahsoka@gmail.com","Vadim",2020-08-15
"836",836,"holder@hotmail.com","Elionaid",2019-12-15
"837",837,"pliny@gmail.com","Lynx",2020-08-15
"838",838,"reagon@hotmail.com","Garyon",2020-02-15
"839",839,"jennieke@hotmail.com","Eylah",2020-10-15
"840",840,"virgean@gmail.com","Clinten",2020-02-15
"841",841,"fayth@gmail.com","Evajo",2020-06-15
"842",842,"danne@gmail.com","Cheilon",2020-06-15
"843",843,"watha@hotmail.com","Taeya",2020-03-15
"844",844,"donley@hotmail.com","Jhon",2020-01-15
"845",845,"jeffries@hotmail.com","Chance",2020-11-15
"846",846,"dezani@gmail.com","Newborn",2020-10-15
"847",847,"yanali@hotmail.com","Yeraldi",2019-12-15
"848",848,"taaha@gmail.com","Ned",2020-04-15
"849",849,"banisha@gmail.com","Jerrad",2020-03-15
"850",850,"hoke@hotmail.com","Ottoniel",2020-05-15
"851",851,"noriene@hotmail.com","Quadasha",2020-06-15
"852",852,"afred@hotmail.com","Inetta",2020-10-15
"853",853,"timetrius@hotmail.com","Ilayna",2020-08-15
"854",854,"kermon@hotmail.com","Payzley",2020-07-15
"855",855,"lev@hotmail.com","Alyas",2020-09-15
"856",856,"dagoberto@gmail.com","Dennita",2020-05-15
"857",857,"lanasia@gmail.com","Amarpreet",2020-05-15
"858",858,"keystal@gmail.com","Llayla",2020-03-15
"859",859,"jais@hotmail.com","Ryton",2020-06-15
"860",860,"aelani@gmail.com","Mubarak",2020-07-15
"861",861,"win@gmail.com","Brentyn",2020-06-15
"862",862,"lale@gmail.com","Trusten",2020-07-15
"863",863,"betsaida@gmail.com","Voshon",2020-02-15
"864",864,"shylla@hotmail.com","Katee",2020-02-15
"865",865,"tymonte@hotmail.com","Arvo",2019-12-15
"866",866,"delinah@hotmail.com","Shamaya",2020-11-15
"867",867,"quali@hotmail.com","Annalysia",2020-09-15
"868",868,"abigai@gmail.com","Claven",2020-09-15
"869",869,"natalia@hotmail.com","Ancelmo",2020-10-15
"870",870,"breilyn@hotmail.com","Jamira",2020-03-15
"871",871,"yakob@hotmail.com","Rihaan",2020-10-15
"872",872,"thaxton@gmail.com","Juandiego",2020-02-15
"873",873,"queneisha@hotmail.com","Ryotaro",2020-06-15
"874",874,"yuritzi@hotmail.com","Mariany",2020-10-15
"875",875,"nondus@gmail.com","Kooper",2020-09-15
"876",876,"timothe@hotmail.com","Birchel",2020-04-15
"877",877,"tanaijah@hotmail.com","Rovenia",2020-02-15
"878",878,"treshad@gmail.com","Axzel",2020-09-15
"879",879,"arata@hotmail.com","Temecia",2019-12-15
"880",880,"galicia@gmail.com","Patrica",2020-07-15
"881",881,"chanton@hotmail.com","Shanneka",2020-02-15
"882",882,"ariele@hotmail.com","Zaelah",2020-09-15
"883",883,"dlynn@hotmail.com","Pomposo",2020-01-15
"884",884,"kievon@hotmail.com","Laionna",2020-10-15
"885",885,"gennesys@hotmail.com","Manaswini",2019-12-15
"886",886,"sabella@gmail.com","Aminata",2020-04-15
"887",887,"fany@hotmail.com","Towanda",2020-10-15
"888",888,"ludy@hotmail.com","Lamanuel",2020-02-15
"889",889,"avon@gmail.com","Brooklyne",2020-02-15
"890",890,"jeffrey@hotmail.com","Dairian",2020-07-15
"891",891,"odile@hotmail.com","Umeki",2020-02-15
"892",892,"keannah@gmail.com","Saura",2020-05-15
"893",893,"esneider@gmail.com","Jazilynn",2020-06-15
"894",894,"kalif@gmail.com","Jameah",2020-04-15
"895",895,"feloniz@hotmail.com","Judianne",2020-07-15
"896",896,"adecyn@hotmail.com","Tephanie",2020-10-15
"897",897,"rilei@hotmail.com","Daneal",2020-06-15
"898",898,"charnai@hotmail.com","Breiden",2020-02-15
"899",899,"daijiah@hotmail.com","Jesuan",2020-03-15
"900",900,"jziah@hotmail.com","Shiniece",2020-05-15
"901",901,"tejus@hotmail.com","Suleiman",2020-04-15
"902",902,"altagracia@gmail.com","Eidy",2020-11-15
"903",903,"teofilo@gmail.com","Alishya",2020-05-15
"904",904,"elliyah@gmail.com","Diomedes",2020-09-15
"905",905,"stven@hotmail.com","Kyelee",2020-02-15
"906",906,"zylie@hotmail.com","Marleyjane",2020-07-15
"907",907,"daishaun@gmail.com","Ayman",2020-11-15
"908",908,"sovanny@hotmail.com","Javien",2020-06-15
"909",909,"jannell@gmail.com","Lerah",2020-01-15
"910",910,"zikora@gmail.com","Yina",2020-10-15
"911",911,"ceriyah@hotmail.com","Eldene",2020-01-15
"912",912,"jarule@hotmail.com","Rakesh",2020-08-15
"913",913,"dillan@hotmail.com","Cresencio",2020-03-15
"914",914,"zlata@gmail.com","Charliee",2020-05-15
"915",915,"nils@gmail.com","Kadeshia",2020-03-15
"916",916,"alexana@gmail.com","Quinneshia",2019-12-15
"917",917,"jenavi@hotmail.com","Andricka",2020-06-15
"918",918,"emiliah@gmail.com","Nabihah",2020-09-15
"919",919,"neda@gmail.com","Anastatia",2020-01-15
"920",920,"janecia@gmail.com","Fabion",2020-10-15
"921",921,"katylin@hotmail.com","Saba",2020-03-15
"922",922,"ousmane@hotmail.com","Jenilyn",2020-08-15
"923",923,"earn@gmail.com","Arora",2019-12-15
"924",924,"hermoine@gmail.com","Shikha",2020-03-15
"925",925,"eriyon@gmail.com","Yafa",2020-09-15
"926",926,"quevon@gmail.com","Henoc",2020-10-15
"927",927,"keyandra@gmail.com","Coreena",2020-06-15
"928",928,"wilberth@gmail.com","Qwentin",2020-06-15
"929",929,"jessical@gmail.com","Roseleen",2020-09-15
"930",930,"klever@gmail.com","Kshaun",2019-12-15
"931",931,"ladonja@hotmail.com","Jinal",2020-05-15
"932",932,"aishini@gmail.com","Aldrina",2020-07-15
"933",933,"aswell@hotmail.com","Shawanna",2020-08-15
"934",934,"samantah@gmail.com","Sadame",2020-10-15
"935",935,"mikenna@gmail.com","Otway",2020-10-15
"936",936,"ala@gmail.com","Hillory",2020-02-15
"937",937,"jonnelle@gmail.com","Teralyn",2020-06-15
"938",938,"tajiah@hotmail.com","Fateemah",2020-07-15
"939",939,"hao@gmail.com","Vivvian",2020-11-15
"940",940,"myion@gmail.com","Dwaina",2020-05-15
"941",941,"mukhtar@hotmail.com","Kimiah",2020-01-15
"942",942,"yaima@gmail.com","Aleena",2020-02-15
"943",943,"ophelie@gmail.com","Trevelle",2020-09-15
"944",944,"shulamith@hotmail.com","Ozziel",2020-09-15
"945",945,"adriana@hotmail.com","Yacir",2020-02-15
"946",946,"everdeen@gmail.com","Macks",2020-02-15
"947",947,"mylika@gmail.com","Markele",2019-12-15
"948",948,"keyleigh@hotmail.com","Kyrstal",2020-08-15
"949",949,"set@hotmail.com","Jelena",2020-03-15
"950",950,"abygaile@gmail.com","Trevona",2020-04-15
"951",951,"kyal@gmail.com","Donld",2020-07-15
"952",952,"azilyn@hotmail.com","Mayron",2020-06-15
"953",953,"andre@hotmail.com","Khara",2020-08-15
"954",954,"irais@hotmail.com","Waneeta",2020-06-15
"955",955,"hilarion@hotmail.com","Wyoma",2020-05-15
"956",956,"dezere@gmail.com","Juleisy",2020-09-15
"957",957,"nova@hotmail.com","Uba",2020-08-15
"958",958,"kham@hotmail.com","Addilee",2020-09-15
"959",959,"anjalie@hotmail.com","Codell",2020-08-15
"960",960,"breezie@hotmail.com","Birgit",2020-01-15
"961",961,"kenz@hotmail.com","Emilye",2020-11-15
"962",962,"zebulah@gmail.com","Stephana",2020-07-15
"963",963,"maliyani@gmail.com","Mitchal",2020-03-15
"964",964,"elysiana@gmail.com","Deriyah",2019-12-15
"965",965,"griffin@hotmail.com","Manami",2020-04-15
"966",966,"chanielle@hotmail.com","Jomayra",2020-05-15
"967",967,"tynzlee@hotmail.com","Myeisha",2020-05-15
"968",968,"roxen@gmail.com","Naihomy",2020-11-15
"969",969,"aamori@gmail.com","Aarushi",2020-09-15
"970",970,"titiana@hotmail.com","Saisha",2020-06-15
"971",971,"rafelita@gmail.com","Jamad",2020-11-15
"972",972,"wilva@hotmail.com","Asiha",2020-05-15
"973",973,"lamontray@gmail.com","Dammion",2020-03-15
"974",974,"najila@gmail.com","Brynlea",2020-11-15
"975",975,"breydin@hotmail.com","Kylem",2020-01-15
"976",976,"ethelyne@gmail.com","Roschell",2020-11-15
"977",977,"geffen@hotmail.com","Chyrstal",2020-10-15
"978",978,"uladimir@gmail.com","Ahron",2020-08-15
"979",979,"stori@gmail.com","Sebestian",2019-12-15
"980",980,"jaclyn@gmail.com","Lyda",2020-05-15
"981",981,"lois@gmail.com","Valbona",2020-06-15
"982",982,"ashburn@hotmail.com","Vaile",2020-11-15
"983",983,"sparkel@gmail.com","Rubith",2020-08-15
"984",984,"shey@gmail.com","Bolling",2020-08-15
"985",985,"jorin@hotmail.com","Bertram",2020-06-15
"986",986,"jenavive@hotmail.com","Howard",2020-05-15
"987",987,"shaaron@gmail.com","Traeveon",2020-07-15
"988",988,"eara@gmail.com","Kathlena",2020-10-15
"989",989,"tywanna@hotmail.com","Jamese",2020-08-15
"990",990,"anija@hotmail.com","Awan",2020-01-15
"991",991,"pragati@hotmail.com","Hughston",2020-04-15
"992",992,"safaa@hotmail.com","Lugina",2020-07-15
"993",993,"nyheim@gmail.com","Eran",2020-07-15
"994",994,"jasmari@gmail.com","Jocasta",2020-11-15
"995",995,"myrikal@hotmail.com","Taiquan",2020-07-15
"996",996,"umi@gmail.com","Hagop",2020-02-15
"997",997,"lindy@hotmail.com","Devonti",2020-11-15
"998",998,"kyndl@gmail.com","Octaviano",2020-02-15
"999",999,"arimentha@gmail.com","Genisys",2020-08-15
"1000",1000,"jhaeda@hotmail.com","Lastar",2019-12-15
